{
  "_fv": 39,
  "_type": "recipe",
  "definition": {
    "recipeType": "Stone cutting",
    "xpReward": 0.0,
    "cookingTime": 200,
    "recipeRetstackSize": 1,
    "group": "cracked_substilium_soil_tile_wall",
    "recipeShapeless": false,
    "stoneCuttingInputStack": {
      "value": "CUSTOM:CrackedSubstiliumSoilTiles"
    },
    "stoneCuttingReturnStack": {
      "value": "CUSTOM:CrackedSubstiliumSoilTileWall"
    },
    "name": "cracked_substilium_soil_tile_wall_cut",
    "namespace": "mod"
  }
}