{
  "_fv": 39,
  "_type": "achievement",
  "definition": {
    "achievementName": "Extensive Research",
    "achievementDescription": "Shear an Overgrown Substilium Soil Block with Revealing",
    "achievementIcon": {
      "value": "Items.ENCHANTED_BOOK"
    },
    "background": "Default",
    "disableDisplay": false,
    "showPopup": true,
    "announceToChat": true,
    "hideIfNotCompleted": false,
    "rewardLoot": [],
    "rewardRecipes": [],
    "rewardFunction": "No function",
    "rewardXP": 10,
    "achievementType": "challenge",
    "parent": {
      "value": "CUSTOM:UsefulFinding"
    },
    "triggerxml": "<xml xmlns=\"https://developers.google.com/blockly/xml\"><block type=\"custom_trigger\" x=\"30\" y=\"33\"><next><block type=\"advancement_trigger\" deletable=\"false\"></block></next></block></xml>"
  }
}