{
  "_fv": 39,
  "_type": "block",
  "definition": {
    "texture": "hickory_leaves",
    "textureTop": "",
    "textureLeft": "",
    "textureFront": "",
    "textureRight": "",
    "textureBack": "",
    "renderType": 110,
    "customModelName": "Single texture",
    "rotationMode": 0,
    "enablePitch": false,
    "emissiveRendering": false,
    "displayFluidOverlay": false,
    "itemTexture": "",
    "particleTexture": "",
    "blockBase": "Leaves",
    "tintType": "Foliage",
    "isItemTinted": true,
    "hasTransparency": false,
    "connectedSides": false,
    "transparencyType": "SOLID",
    "disableOffset": false,
    "boundingBoxes": [
      {
        "mx": 0.0,
        "my": 0.0,
        "mz": 0.0,
        "Mx": 16.0,
        "My": 16.0,
        "Mz": 16.0,
        "subtract": false
      }
    ],
    "name": "Hickory Leaves",
    "specialInfo": [],
    "hardness": 0.3,
    "resistance": 0.3,
    "hasGravity": false,
    "isWaterloggable": false,
    "creativeTab": {
      "value": "CUSTOM:WildasideTab"
    },
    "destroyTool": "hoe",
    "customDrop": {
      "value": ""
    },
    "dropAmount": 1,
    "useLootTableForDrops": true,
    "requiresCorrectTool": false,
    "enchantPowerBonus": 0.0,
    "plantsGrowOn": false,
    "canRedstoneConnect": false,
    "lightOpacity": 1,
    "material": {
      "value": "LEAVES"
    },
    "tickRate": 300,
    "tickRandomly": false,
    "isReplaceable": false,
    "canProvidePower": false,
    "emittedRedstonePower": {
      "fixedValue": 15.0
    },
    "colorOnMap": "GREEN",
    "creativePickItem": {
      "value": ""
    },
    "offsetType": "NONE",
    "aiPathNodeType": "DEFAULT",
    "flammability": 15,
    "fireSpreadSpeed": 0,
    "isLadder": false,
    "slipperiness": 0.6,
    "speedFactor": 1.0,
    "jumpFactor": 1.0,
    "reactionToPushing": "NORMAL",
    "isNotColidable": false,
    "isCustomSoundType": false,
    "soundOnStep": {
      "value": "PLANT"
    },
    "breakSound": {
      "value": ""
    },
    "fallSound": {
      "value": ""
    },
    "hitSound": {
      "value": ""
    },
    "placeSound": {
      "value": ""
    },
    "stepSound": {
      "value": ""
    },
    "luminance": 0,
    "unbreakable": false,
    "breakHarvestLevel": -1,
    "isBonemealable": false,
    "hasInventory": false,
    "guiBoundTo": "<NONE>",
    "openGUIOnRightClick": false,
    "inventorySize": 9,
    "inventoryStackSize": 64,
    "inventoryDropWhenDestroyed": true,
    "inventoryComparatorPower": true,
    "inventoryOutSlotIDs": [],
    "inventoryInSlotIDs": [],
    "hasEnergyStorage": false,
    "energyInitial": 0,
    "energyCapacity": 400000,
    "energyMaxReceive": 200,
    "energyMaxExtract": 200,
    "isFluidTank": false,
    "fluidCapacity": 8000,
    "fluidRestrictions": [],
    "onDestroyedByPlayer": {
      "name": "HickoryLeavesBlockDestroyedByPlayer"
    },
    "spawnWorldTypes": [],
    "restrictionBiomes": [],
    "blocksToReplace": [
      {
        "value": "Blocks.STONE"
      }
    ],
    "generationShape": "UNIFORM",
    "frequencyPerChunks": 10,
    "frequencyOnChunk": 16,
    "minGenerateHeight": 0,
    "maxGenerateHeight": 64
  }
}