{
  "_fv": 39,
  "_type": "achievement",
  "definition": {
    "achievementName": "Unsafe Haven",
    "achievementDescription": "Enter a Vibrion Hive for the first time",
    "achievementIcon": {
      "value": "CUSTOM:SubstiliumSoil"
    },
    "background": "Default",
    "disableDisplay": false,
    "showPopup": true,
    "announceToChat": true,
    "hideIfNotCompleted": false,
    "rewardLoot": [],
    "rewardRecipes": [],
    "rewardFunction": "No function",
    "rewardXP": 10,
    "achievementType": "goal",
    "parent": {
      "value": "CUSTOM:WildWilderWildest"
    },
    "triggerxml": "<xml xmlns=\"https://developers.google.com/blockly/xml\"><block type=\"biome_entered\" x=\"34\" y=\"30\"><field name=\"biome\">CUSTOM:VibrionHive</field><next><block type=\"advancement_trigger\" deletable=\"false\"></block></next></block></xml>"
  }
}