{
  "_fv": 43,
  "_type": "achievement",
  "definition": {
    "achievementName": "It's Shearing Time",
    "achievementDescription": "Find an Overgrown Entorium Ore in a Vibrion Hive",
    "achievementIcon": {
      "value": "CUSTOM:OvergrownEntoriumOre"
    },
    "background": "Default",
    "disableDisplay": false,
    "showPopup": true,
    "announceToChat": true,
    "hideIfNotCompleted": false,
    "rewardLoot": [],
    "rewardRecipes": [],
    "rewardFunction": "No function",
    "rewardXP": 5,
    "achievementType": "goal",
    "parent": {
      "value": "CUSTOM:UnsafeHaven"
    },
    "triggerxml": "<xml xmlns=\"https://developers.google.com/blockly/xml\"><block type=\"custom_trigger\" x=\"43\" y=\"61\"><next><block type=\"advancement_trigger\" deletable=\"false\"></block></next></block></xml>"
  }
}