{
  "_fv": 43,
  "_type": "gui",
  "definition": {
    "type": 1,
    "width": 176,
    "height": 166,
    "inventoryOffsetX": 0,
    "inventoryOffsetY": 0,
    "renderBgLayer": true,
    "doesPauseGame": false,
    "components": [
      {
        "type": "imagebutton",
        "data": {
          "name": "imagebutton_vibrion_gui",
          "image": "vibrion_gui.png",
          "hoveredImage": "vibrion_gui.png",
          "x": 168,
          "y": 68
        }
      },
      {
        "type": "imagebutton",
        "data": {
          "name": "imagebutton_red_glowing_essence_gui",
          "image": "red_glowing_essence_gui.png",
          "hoveredImage": "red_glowing_essence_gui_lit.png",
          "x": 150,
          "y": 50
        }
      },
      {
        "type": "imagebutton",
        "data": {
          "name": "imagebutton_brown_glowing_essence_gui",
          "image": "brown_glowing_essence_gui.png",
          "hoveredImage": "brown_glowing_essence_gui_lit.png",
          "x": 186,
          "y": 86
        }
      },
      {
        "type": "imagebutton",
        "data": {
          "name": "imagebutton_yellow_glowing_essence_gui",
          "image": "yellow_glowing_essence_gui.png",
          "hoveredImage": "yellow_glowing_essence_gui.png",
          "x": 186,
          "y": 50
        }
      },
      {
        "type": "imagebutton",
        "data": {
          "name": "imagebutton_green_glowing_essence_gui",
          "image": "green_glowing_essence_gui.png",
          "hoveredImage": "green_glowing_essence_gui_lit.png",
          "x": 150,
          "y": 86
        }
      },
      {
        "type": "image",
        "data": {
          "image": "arrow.png",
          "use1Xscale": false,
          "x": 205,
          "y": 70
        }
      },
      {
        "type": "inputslot",
        "data": {
          "inputLimit": {
            "value": "CUSTOM:RedGlowingEssence"
          },
          "disablePlacement": {
            "fixedValue": false
          },
          "id": 0,
          "disablePickup": {
            "fixedValue": false
          },
          "dropItemsWhenNotBound": false,
          "x": 150,
          "y": 50
        }
      },
      {
        "type": "inputslot",
        "data": {
          "inputLimit": {
            "value": "CUSTOM:BrownGlowingEssence"
          },
          "disablePlacement": {
            "fixedValue": false
          },
          "id": 1,
          "disablePickup": {
            "fixedValue": false
          },
          "dropItemsWhenNotBound": false,
          "x": 186,
          "y": 86
        }
      },
      {
        "type": "inputslot",
        "data": {
          "inputLimit": {
            "value": "CUSTOM:YellowGlowingEssence"
          },
          "disablePlacement": {
            "fixedValue": false
          },
          "id": 2,
          "disablePickup": {
            "fixedValue": false
          },
          "dropItemsWhenNotBound": false,
          "x": 186,
          "y": 50
        }
      },
      {
        "type": "inputslot",
        "data": {
          "inputLimit": {
            "value": "CUSTOM:GreenGlowingEssence"
          },
          "disablePlacement": {
            "fixedValue": false
          },
          "id": 3,
          "disablePickup": {
            "fixedValue": false
          },
          "dropItemsWhenNotBound": false,
          "x": 150,
          "y": 86
        }
      },
      {
        "type": "inputslot",
        "data": {
          "inputLimit": {
            "value": "CUSTOM:Vibrion"
          },
          "disablePlacement": {
            "fixedValue": false
          },
          "id": 4,
          "disablePickup": {
            "fixedValue": false
          },
          "dropItemsWhenNotBound": false,
          "x": 168,
          "y": 68
        }
      },
      {
        "type": "outputslot",
        "data": {
          "id": 5,
          "disablePickup": {
            "fixedValue": false
          },
          "dropItemsWhenNotBound": false,
          "x": 240,
          "y": 69
        }
      },
      {
        "type": "outputslot",
        "data": {
          "id": 6,
          "disablePickup": {
            "fixedValue": false
          },
          "dropItemsWhenNotBound": false,
          "x": 258,
          "y": 69
        }
      },
      {
        "type": "button",
        "data": {
          "name": "button_convert",
          "text": "Convert",
          "onClick": {
            "name": "BioengineerWorkspaceGuiConvertProc"
          },
          "width": 61,
          "height": 20,
          "x": 227,
          "y": 95
        }
      }
    ],
    "gridSettings": {
      "sx": 18,
      "sy": 18,
      "ox": 11,
      "oy": 15,
      "snapOnGrid": false
    }
  }
}