{
  "_fv": 43,
  "_type": "tag",
  "definition": {
    "type": "Blocks",
    "items": [],
    "blocks": [
      {
        "value": "CUSTOM:HickorySapling"
      },
      {
        "value": "CUSTOM:RedGlowingHickorySapling"
      },
      {
        "value": "CUSTOM:YellowGlowingHickorySapling"
      },
      {
        "value": "CUSTOM:BrownGlowingHickorySapling"
      },
      {
        "value": "CUSTOM:GreenGlowingHickorySapling"
      }
    ],
    "functions": [],
    "entities": [],
    "biomes": [],
    "name": "hickory_saplings",
    "namespace": "mod"
  }
}