{
  "_fv": 43,
  "_type": "structure",
  "definition": {
    "structure": "hickory_tree_grower",
    "randomlyRotateStructure": false,
    "surfaceDetectionType": "First motion blocking block",
    "spawnProbability": 1000000,
    "minCountPerChunk": 1,
    "maxCountPerChunk": 1,
    "spawnLocation": "Ground",
    "spawnHeightOffset": 1,
    "spawnXOffset": 0,
    "spawnZOffset": 0,
    "spawnWorldTypes": [
      "Surface"
    ],
    "restrictionBlocks": [
      {
        "value": "Blocks.GRASS"
      }
    ],
    "restrictionBiomes": [
      {
        "value": "CUSTOM:HickoryForest"
      }
    ],
    "ignoreBlocks": "STRUCTURE_BLOCK",
    "generateCondition": {
      "name": "HickoryTreeGrowerStrAdditionalGenerationCondition"
    },
    "onStructureGenerated": {
      "name": "UpdateStructure"
    }
  }
}