{
  "_fv": 43,
  "_type": "recipe",
  "definition": {
    "recipeType": "Crafting",
    "recipeRetstackSize": 16,
    "group": "lit_vibrion_glass_pane",
    "cookingBookCategory": "MISC",
    "xpReward": 0.0,
    "cookingTime": 200,
    "craftingBookCategory": "BUILDING",
    "recipeShapeless": false,
    "recipeSlots": [
      {
        "value": ""
      },
      {
        "value": ""
      },
      {
        "value": ""
      },
      {
        "value": "CUSTOM:LitVibrionGlass"
      },
      {
        "value": "CUSTOM:LitVibrionGlass"
      },
      {
        "value": "CUSTOM:LitVibrionGlass"
      },
      {
        "value": "CUSTOM:LitVibrionGlass"
      },
      {
        "value": "CUSTOM:LitVibrionGlass"
      },
      {
        "value": "CUSTOM:LitVibrionGlass"
      }
    ],
    "recipeReturnStack": {
      "value": "CUSTOM:LitVibrionGlassPane"
    },
    "name": "lit_vibrion_glass_pane",
    "namespace": "mod"
  }
}