{
  "_fv": 43,
  "_type": "tag",
  "definition": {
    "type": "Blocks",
    "items": [],
    "blocks": [
      {
        "value": "CUSTOM:SubstiliumStem"
      },
      {
        "value": "CUSTOM:SubstiliumBlock"
      },
      {
        "value": "CUSTOM:HickoryLog"
      },
      {
        "value": "CUSTOM:HickoryBlock"
      },
      {
        "value": "CUSTOM:StrippedHickoryLog"
      },
      {
        "value": "CUSTOM:StrippedHickoryBlock"
      },
      {
        "value": "CUSTOM:StrippedSubstiliumStem"
      },
      {
        "value": "CUSTOM:StrippedSubstiliumBlock"
      },
      {
        "value": "CUSTOM:BaldCypressLog"
      },
      {
        "value": "CUSTOM:BaldCypressBlock"
      },
      {
        "value": "CUSTOM:StrippedBaldCypressLog"
      },
      {
        "value": "CUSTOM:StrippedBaldCypressWood"
      }
    ],
    "functions": [],
    "entities": [],
    "biomes": [],
    "name": "logs",
    "namespace": "minecraft"
  }
}