{
  "_fv": 43,
  "_type": "recipe",
  "definition": {
    "recipeType": "Stone cutting",
    "recipeRetstackSize": 2,
    "group": "smooth_substilium_soil_slab",
    "cookingBookCategory": "MISC",
    "xpReward": 0.0,
    "cookingTime": 200,
    "craftingBookCategory": "MISC",
    "recipeShapeless": false,
    "stoneCuttingInputStack": {
      "value": "CUSTOM:SmoothSubstiliumSoil"
    },
    "stoneCuttingReturnStack": {
      "value": "CUSTOM:SmoothSubstiliumSoilSlab"
    },
    "name": "smooth_substilium_soil_slab_cut",
    "namespace": "mod"
  }
}