{
  "_fv": 43,
  "_type": "recipe",
  "definition": {
    "recipeType": "Crafting",
    "recipeRetstackSize": 2,
    "group": "spore_blaster",
    "cookingBookCategory": "MISC",
    "xpReward": 0.0,
    "cookingTime": 200,
    "craftingBookCategory": "REDSTONE",
    "recipeShapeless": false,
    "recipeSlots": [
      {
        "value": "CUSTOM:Vibrion"
      },
      {
        "value": "CUSTOM:EntoriumSporebomb"
      },
      {
        "value": "CUSTOM:Vibrion"
      },
      {
        "value": "CUSTOM:Entorium"
      },
      {
        "value": "Blocks.DISPENSER"
      },
      {
        "value": "CUSTOM:Entorium"
      },
      {
        "value": "CUSTOM:SubstiliumSoil"
      },
      {
        "value": "CUSTOM:SubstiliumSoil"
      },
      {
        "value": "CUSTOM:SubstiliumSoil"
      }
    ],
    "recipeReturnStack": {
      "value": "CUSTOM:SporeBlaster"
    },
    "name": "spore_blaster",
    "namespace": "mod"
  }
}