{
  "_fv": 43,
  "_type": "achievement",
  "definition": {
    "achievementName": "Still Not Enough",
    "achievementDescription": "Try breaking Bedrock with an Entorium Gauntlet",
    "achievementIcon": {
      "value": "CUSTOM:EntoriumGauntlet"
    },
    "background": "Default",
    "disableDisplay": false,
    "showPopup": true,
    "announceToChat": true,
    "hideIfNotCompleted": false,
    "rewardLoot": [],
    "rewardRecipes": [],
    "rewardFunction": "No function",
    "rewardXP": 5,
    "achievementType": "task",
    "parent": {
      "value": "CUSTOM:DangerousWarfare"
    },
    "triggerxml": "<xml xmlns=\"https://developers.google.com/blockly/xml\"><block type=\"custom_trigger\" x=\"47\" y=\"55\"><next><block type=\"advancement_trigger\" deletable=\"false\"></block></next></block></xml>"
  }
}