{
  "_fv": 43,
  "_type": "recipe",
  "definition": {
    "recipeType": "Smelting",
    "recipeRetstackSize": 1,
    "group": "magenta_dye",
    "cookingBookCategory": "MISC",
    "xpReward": 0.1,
    "cookingTime": 100,
    "craftingBookCategory": "MISC",
    "recipeShapeless": false,
    "smeltingInputStack": {
      "value": "CUSTOM:SubstiliumShroom"
    },
    "smeltingReturnStack": {
      "value": "Items.DYE#13"
    },
    "name": "substilium_shroom",
    "namespace": "mod"
  }
}