{
  "_fv": 43,
  "_type": "achievement",
  "definition": {
    "achievementName": "We Need To Cook",
    "achievementDescription": "Use the Bioengineer Workspace to make Rutillion",
    "achievementIcon": {
      "value": "CUSTOM:BioengineerWorkspace"
    },
    "background": "Default",
    "disableDisplay": false,
    "showPopup": true,
    "announceToChat": true,
    "hideIfNotCompleted": false,
    "rewardLoot": [],
    "rewardRecipes": [],
    "rewardFunction": "No function",
    "rewardXP": 10,
    "achievementType": "challenge",
    "parent": {
      "value": "CUSTOM:PetrifiedAntibiotic"
    },
    "triggerxml": "<xml xmlns=\"https://developers.google.com/blockly/xml\"><block type=\"custom_trigger\" x=\"4\" y=\"108\"><next><block type=\"advancement_trigger\" deletable=\"false\"></block></next></block></xml>"
  }
}