{
  "_fv": 39,
  "_type": "biome",
  "definition": {
    "name": "Hickory Forest",
    "groundBlock": {
      "value": "Blocks.GRASS"
    },
    "undergroundBlock": {
      "value": "Blocks.DIRT#0"
    },
    "underwaterBlock": {
      "value": "Blocks.DIRT#0"
    },
    "grassColor": {
      "value": -11687384,
      "falpha": 0.0
    },
    "foliageColor": {
      "value": -13196533,
      "falpha": 0.0
    },
    "ambientSound": {
      "value": ""
    },
    "additionsSound": {
      "value": ""
    },
    "music": {
      "value": ""
    },
    "moodSound": {
      "value": ""
    },
    "moodSoundDelay": 6000,
    "spawnParticles": false,
    "particleToSpawn": {
      "value": "CUSTOM:VibrionParticle"
    },
    "particlesProbability": 0.5,
    "rainingPossibility": 0.4,
    "temperature": 0.4,
    "spawnBiome": true,
    "spawnInCaves": false,
    "spawnBiomeNether": false,
    "genTemperature": {
      "min": -0.35,
      "max": 0.5
    },
    "genHumidity": {
      "min": -0.35,
      "max": 0.5
    },
    "genContinentalness": {
      "min": 0.1,
      "max": 1.0
    },
    "genErosion": {
      "min": -1.0,
      "max": 0.35
    },
    "genWeirdness": {
      "min": -0.7,
      "max": 0.35
    },
    "grassPerChunk": 30,
    "seagrassPerChunk": 0,
    "flowersPerChunk": 15,
    "mushroomsPerChunk": 0,
    "bigMushroomsChunk": 1,
    "sandPatchesPerChunk": 0,
    "gravelPatchesPerChunk": 0,
    "reedsPerChunk": 0,
    "cactiPerChunk": 0,
    "treesPerChunk": 0,
    "vanillaTreeType": "Default",
    "treeType": 0,
    "minHeight": 7,
    "treeStem": {
      "value": ""
    },
    "treeBranch": {
      "value": ""
    },
    "treeVines": {
      "value": ""
    },
    "treeFruits": {
      "value": ""
    },
    "spawnStronghold": false,
    "spawnMineshaft": false,
    "spawnMineshaftMesa": false,
    "spawnPillagerOutpost": true,
    "villageType": "plains",
    "spawnWoodlandMansion": false,
    "spawnJungleTemple": false,
    "spawnDesertPyramid": false,
    "spawnSwampHut": false,
    "spawnIgloo": false,
    "spawnOceanMonument": false,
    "spawnShipwreck": false,
    "spawnShipwreckBeached": false,
    "spawnBuriedTreasure": false,
    "oceanRuinType": "NONE",
    "spawnNetherBridge": false,
    "spawnNetherFossil": false,
    "spawnBastionRemnant": false,
    "spawnEndCity": false,
    "spawnRuinedPortal": "NONE",
    "defaultFeatures": [
      "Caves",
      "Ores",
      "TaigaLargeFerns",
      "TaigaRocks",
      "Lakes",
      "PlainsTallGrass",
      "TallSeagrassLush"
    ],
    "spawnEntries": [
      {
        "entity": {
          "value": "EntityCow"
        },
        "minGroup": 1,
        "maxGroup": 2,
        "weight": 5,
        "spawnType": "creature"
      },
      {
        "entity": {
          "value": "EntityCreeper"
        },
        "minGroup": 1,
        "maxGroup": 4,
        "weight": 6,
        "spawnType": "monster"
      },
      {
        "entity": {
          "value": "EntityHorse"
        },
        "minGroup": 1,
        "maxGroup": 2,
        "weight": 6,
        "spawnType": "creature"
      },
      {
        "entity": {
          "value": "EntityWolf"
        },
        "minGroup": 1,
        "maxGroup": 4,
        "weight": 2,
        "spawnType": "creature"
      },
      {
        "entity": {
          "value": "EntityZombie"
        },
        "minGroup": 1,
        "maxGroup": 2,
        "weight": 10,
        "spawnType": "monster"
      },
      {
        "entity": {
          "value": "EntitySkeleton"
        },
        "minGroup": 2,
        "maxGroup": 5,
        "weight": 5,
        "spawnType": "monster"
      }
    ]
  }
}