{
  "_fv": 39,
  "_type": "plant",
  "definition": {
    "renderType": 12,
    "texture": "vibrion_roots",
    "textureBottom": "",
    "customModelName": "Cross model",
    "itemTexture": "vibrion_roots",
    "particleTexture": "vibrion_block",
    "tintType": "No tint",
    "isItemTinted": false,
    "plantType": "normal",
    "staticPlantGenerationType": "Flower",
    "suspiciousStewEffect": "SPEED",
    "suspiciousStewDuration": 100,
    "growapableSpawnType": "Cave",
    "growapableMaxHeight": 3,
    "doublePlantGenerationType": "Flower",
    "customBoundingBox": false,
    "disableOffset": false,
    "boundingBoxes": [
      {
        "mx": 0.0,
        "my": 0.0,
        "mz": 0.0,
        "Mx": 16.0,
        "My": 16.0,
        "Mz": 16.0,
        "subtract": false
      }
    ],
    "name": "Vibrion Roots",
    "specialInfo": [],
    "creativeTab": {
      "value": "CUSTOM:WildasideTab"
    },
    "hardness": 0.0,
    "resistance": 0.0,
    "luminance": 4,
    "unbreakable": false,
    "isSolid": false,
    "isCustomSoundType": false,
    "soundOnStep": {
      "value": "ROOT"
    },
    "breakSound": {
      "value": ""
    },
    "stepSound": {
      "value": ""
    },
    "placeSound": {
      "value": ""
    },
    "hitSound": {
      "value": ""
    },
    "fallSound": {
      "value": ""
    },
    "useLootTableForDrops": false,
    "customDrop": {
      "value": ""
    },
    "dropAmount": 1,
    "forceTicking": false,
    "emissiveRendering": false,
    "hasTileEntity": false,
    "isReplaceable": true,
    "colorOnMap": "YELLOW",
    "creativePickItem": {
      "value": ""
    },
    "offsetType": "XZ",
    "aiPathNodeType": "OPEN",
    "flammability": 0,
    "fireSpreadSpeed": 60,
    "jumpFactor": 1.0,
    "speedFactor": 1.0,
    "canBePlacedOn": [
      {
        "value": "CUSTOM:SubstiliumSoil"
      },
      {
        "value": "CUSTOM:OvergrownEntoriumOre"
      }
    ],
    "isBonemealable": false,
    "frequencyOnChunks": 40,
    "spawnWorldTypes": [
      "Surface"
    ],
    "restrictionBiomes": [
      {
        "value": "CUSTOM:VibrionHive"
      }
    ],
    "patchSize": 256,
    "generateAtAnyHeight": true,
    "onBlockAdded": {
      "name": "Spawn7Particles"
    },
    "onDestroyedByPlayer": {
      "name": "Spawn7Particles"
    },
    "onDestroyedByExplosion": {
      "name": "Spawn7Particles"
    },
    "onRightClicked": {
      "name": "Spawn7Particles"
    }
  }
}