{
  "_fv": 39,
  "_type": "biome",
  "definition": {
    "name": "Vibrion Hive",
    "groundBlock": {
      "value": "CUSTOM:SubstiliumSoil"
    },
    "undergroundBlock": {
      "value": "CUSTOM:SubstiliumSoil"
    },
    "underwaterBlock": {
      "value": "CUSTOM:SubstiliumSoil"
    },
    "airColor": {
      "value": -6184663,
      "falpha": 0.0
    },
    "grassColor": {
      "value": -6184663,
      "falpha": 0.0
    },
    "foliageColor": {
      "value": -6184663,
      "falpha": 0.0
    },
    "waterColor": {
      "value": -6184663,
      "falpha": 0.0
    },
    "waterFogColor": {
      "value": -6184663,
      "falpha": 0.0
    },
    "ambientSound": {
      "value": "ambient.crimson_forest.loop"
    },
    "additionsSound": {
      "value": "ambient.nether_wastes.additions"
    },
    "music": {
      "value": ""
    },
    "moodSound": {
      "value": "ambient.soul_sand_valley.mood"
    },
    "moodSoundDelay": 4000,
    "spawnParticles": true,
    "particleToSpawn": {
      "value": "CUSTOM:StillSubstiliumParticle"
    },
    "particlesProbability": 0.6,
    "rainingPossibility": 0.0,
    "temperature": 0.19999999999999998,
    "spawnBiome": false,
    "spawnInCaves": true,
    "spawnBiomeNether": false,
    "genTemperature": {
      "min": -1.0,
      "max": 0.0
    },
    "genHumidity": {
      "min": -1.0,
      "max": 0.0
    },
    "genContinentalness": {
      "min": -0.3,
      "max": 0.5
    },
    "genErosion": {
      "min": -0.3,
      "max": 0.3
    },
    "genWeirdness": {
      "min": -1.0,
      "max": 1.0
    },
    "grassPerChunk": 0,
    "seagrassPerChunk": 0,
    "flowersPerChunk": 0,
    "mushroomsPerChunk": 0,
    "bigMushroomsChunk": 0,
    "sandPatchesPerChunk": 0,
    "gravelPatchesPerChunk": 0,
    "reedsPerChunk": 0,
    "cactiPerChunk": 0,
    "treesPerChunk": 0,
    "vanillaTreeType": "Default",
    "treeType": 0,
    "minHeight": 7,
    "treeStem": {
      "value": ""
    },
    "treeBranch": {
      "value": ""
    },
    "treeVines": {
      "value": ""
    },
    "treeFruits": {
      "value": ""
    },
    "spawnStronghold": true,
    "spawnMineshaft": true,
    "spawnMineshaftMesa": false,
    "spawnPillagerOutpost": false,
    "villageType": "none",
    "spawnWoodlandMansion": false,
    "spawnJungleTemple": false,
    "spawnDesertPyramid": false,
    "spawnSwampHut": false,
    "spawnIgloo": false,
    "spawnOceanMonument": false,
    "spawnShipwreck": false,
    "spawnShipwreckBeached": false,
    "spawnBuriedTreasure": false,
    "oceanRuinType": "NONE",
    "spawnNetherBridge": false,
    "spawnNetherFossil": false,
    "spawnBastionRemnant": false,
    "spawnEndCity": false,
    "spawnRuinedPortal": "NONE",
    "defaultFeatures": [
      "Caves",
      "Ores",
      "Fossils",
      "MonsterRooms"
    ],
    "spawnEntries": []
  }
}