{
  "_fv": 47,
  "_type": "recipe",
  "definition": {
    "recipeType": "Crafting",
    "recipeRetstackSize": 1,
    "group": "bioengineer_workspace",
    "cookingBookCategory": "MISC",
    "xpReward": 0.0,
    "cookingTime": 200,
    "craftingBookCategory": "MISC",
    "recipeShapeless": false,
    "recipeSlots": [
      {
        "value": "CUSTOM:Entorium"
      },
      {
        "value": "Blocks.QUARTZ_BLOCK#3"
      },
      {
        "value": "CUSTOM:Entorium"
      },
      {
        "value": "CUSTOM:Vibrion"
      },
      {
        "value": "Blocks.QUARTZ_BLOCK#3"
      },
      {
        "value": "CUSTOM:Vibrion"
      },
      {
        "value": "CUSTOM:Vibrion"
      },
      {
        "value": "Blocks.QUARTZ_BLOCK#3"
      },
      {
        "value": "CUSTOM:Vibrion"
      }
    ],
    "recipeReturnStack": {
      "value": "CUSTOM:BioengineerWorkspace"
    },
    "name": "bioengineer_workspace",
    "namespace": "mod"
  }
}