{
  "_fv": 47,
  "_type": "achievement",
  "definition": {
    "achievementName": "Glimmering Glass",
    "achievementDescription": "Place down a Lit Vibrion Glass block or pane",
    "achievementIcon": {
      "value": "CUSTOM:LitVibrionGlass"
    },
    "background": "Default",
    "disableDisplay": false,
    "showPopup": true,
    "announceToChat": true,
    "hideIfNotCompleted": false,
    "rewardLoot": [],
    "rewardRecipes": [],
    "rewardFunction": "No function",
    "rewardXP": 3,
    "achievementType": "task",
    "parent": {
      "value": "CUSTOM:ThroughHundredsOfMutations"
    },
    "triggerxml": "<xml xmlns=\"https://developers.google.com/blockly/xml\"><block type=\"custom_trigger\" x=\"58\" y=\"44\"><next><block type=\"advancement_trigger\" deletable=\"false\"></block></next></block></xml>"
  }
}