{
  "_fv": 47,
  "_type": "achievement",
  "definition": {
    "achievementName": "Organic Building Materials",
    "achievementDescription": "Obtain a Compressed Substilium Soil block",
    "achievementIcon": {
      "value": "CUSTOM:CompressedSubstiliumSoil"
    },
    "background": "Default",
    "disableDisplay": false,
    "showPopup": true,
    "announceToChat": true,
    "hideIfNotCompleted": false,
    "rewardLoot": [],
    "rewardRecipes": [
      "CompressedSubstiliumSoilCraft",
      "SubstiliumSoilTilesCraft",
      "ChiseledSubstiliumSoilCraft",
      "CrackedSubstiliumSoilTilesCraft",
      "CrackedSubstiliumSoilTilesCraft2",
      "SmoothSubstiliumSoilCraft",
      "SubstiliumSoilTileStairsCraft",
      "SubstiliumSoilTileStairsCut",
      "SubstiliumSoilTileSlabCraft",
      "SubstiliumSoilTileSlab2",
      "SubstiliumSoilTilePressurePlateCraft",
      "SubstiliumSoilTilePressurePlateCut",
      "SubstiliumSoilTileWallCraft",
      "SubstiliumSoilTileWallCut",
      "SubstiliumSoilTileButtonCraft",
      "SubstiliumSoilTileButtonCut",
      "SmoothSubstiliumSoilButtonCut",
      "SmoothSubstiliumSoilButtonCraft",
      "SmoothSubstiliumSoilStairsCraft",
      "SmoothSubstiliumSoilStairsCut",
      "SmoothSubstiliumSoilSlabCraft",
      "SmoothSubstiliumSoilSlabCut",
      "SmoothSubstiliumSoilWallCraft",
      "SmoothSubstiliumSoilWallCut",
      "SmoothSubstiliumSoilPressurePlateCraft",
      "SmoothSubstiliumSoilPressurePlateCut",
      "CrackedSubstiliumSoilTileButtonCut",
      "CrackedSubstiliumSoilTileButtonCraft",
      "CrackedSubstiliumSoilTilePressurePlateCut",
      "CrackedSubstiliumSoilTileStairsCraft",
      "CrackedSubstiliumSoilTileStairsCut",
      "CrackedSubstiliumSoilTileSlabCraft",
      "CrackedSubstiliumSoilTileSlabCut",
      "CrackedSubstiliumSoilTileWallCraft",
      "CrackedSubstiliumSoilTileWallCut",
      "CrackedSubstiliumSoilTilePressurePlateCraft"
    ],
    "rewardFunction": "No function",
    "rewardXP": 6,
    "achievementType": "task",
    "parent": {
      "value": "CUSTOM:UnsafeHaven"
    },
    "triggerxml": "<xml xmlns=\"https://developers.google.com/blockly/xml\"><block type=\"item_in_inventory\" x=\"55\" y=\"33\"><value name=\"amount_l\"><block type=\"math_number\"><field name=\"NUM\">1</field></block></value><value name=\"amount_h\"><block type=\"math_number\"><field name=\"NUM\">64</field></block></value><value name=\"item\"><block type=\"mcitem_all\"><field name=\"value\">CUSTOM:CompressedSubstiliumSoil</field></block></value><next><block type=\"advancement_trigger\" deletable=\"false\"></block></next></block></xml>"
  }
}