{
  "_fv": 47,
  "_type": "achievement",
  "definition": {
    "achievementName": "Quattuor Essentiae",
    "achievementDescription": "Obtain all four of Glowing Essences",
    "achievementIcon": {
      "value": "CUSTOM:RedGlowingEssence"
    },
    "background": "Default",
    "disableDisplay": false,
    "showPopup": true,
    "announceToChat": true,
    "hideIfNotCompleted": false,
    "rewardLoot": [],
    "rewardRecipes": [],
    "rewardFunction": "No function",
    "rewardXP": 8,
    "achievementType": "task",
    "parent": {
      "value": "CUSTOM:GlowingWonder"
    },
    "triggerxml": "<xml xmlns=\"https://developers.google.com/blockly/xml\"><block type=\"custom_trigger\" x=\"34\" y=\"26\"><next><block type=\"advancement_trigger\" deletable=\"false\"></block></next></block></xml>"
  }
}