{
  "_fv": 47,
  "_type": "recipe",
  "definition": {
    "recipeType": "Crafting",
    "recipeRetstackSize": 4,
    "group": "smooth_substilium_soil_stairs",
    "cookingBookCategory": "MISC",
    "xpReward": 0.0,
    "cookingTime": 200,
    "craftingBookCategory": "BUILDING",
    "recipeShapeless": false,
    "recipeSlots": [
      {
        "value": ""
      },
      {
        "value": ""
      },
      {
        "value": "CUSTOM:SmoothSubstiliumSoil"
      },
      {
        "value": ""
      },
      {
        "value": "CUSTOM:SmoothSubstiliumSoil"
      },
      {
        "value": "CUSTOM:SmoothSubstiliumSoil"
      },
      {
        "value": "CUSTOM:SmoothSubstiliumSoil"
      },
      {
        "value": "CUSTOM:SmoothSubstiliumSoil"
      },
      {
        "value": "CUSTOM:SmoothSubstiliumSoil"
      }
    ],
    "recipeReturnStack": {
      "value": "CUSTOM:SmoothSubstiliumSoilStairs"
    },
    "name": "smooth_substilium_soil_stairs_craft",
    "namespace": "mod"
  }
}