{
  "_fv": 47,
  "_type": "recipe",
  "definition": {
    "recipeType": "Crafting",
    "recipeRetstackSize": 3,
    "group": "stripped_hickory_block",
    "cookingBookCategory": "MISC",
    "xpReward": 0.0,
    "cookingTime": 200,
    "craftingBookCategory": "BUILDING",
    "recipeShapeless": false,
    "recipeSlots": [
      {
        "value": ""
      },
      {
        "value": ""
      },
      {
        "value": ""
      },
      {
        "value": ""
      },
      {
        "value": "CUSTOM:StrippedHickoryLog"
      },
      {
        "value": "CUSTOM:StrippedHickoryLog"
      },
      {
        "value": ""
      },
      {
        "value": "CUSTOM:StrippedHickoryLog"
      },
      {
        "value": "CUSTOM:StrippedHickoryLog"
      }
    ],
    "recipeReturnStack": {
      "value": "CUSTOM:StrippedHickoryBlock"
    },
    "name": "stripped_hickory_block_craft",
    "namespace": "mod"
  }
}