{
  "_fv": 47,
  "_type": "structure",
  "definition": {
    "structure": "substilium_tree_grower",
    "randomlyRotateStructure": false,
    "surfaceDetectionType": "First motion blocking block",
    "spawnProbability": 1000000,
    "minCountPerChunk": 16,
    "maxCountPerChunk": 16,
    "spawnLocation": "Underground",
    "spawnHeightOffset": 1,
    "spawnXOffset": 0,
    "spawnZOffset": 0,
    "spawnWorldTypes": [
      "Surface"
    ],
    "restrictionBlocks": [
      {
        "value": "CUSTOM:SubstiliumSoil"
      }
    ],
    "restrictionBiomes": [
      {
        "value": "CUSTOM:VibrionHive"
      }
    ],
    "ignoreBlocks": "AIR_AND_STRUCTURE_BLOCK",
    "generateCondition": {
      "name": "SubstiliumTreeGrowerStrAdditionalGenerationCondition"
    },
    "onStructureGenerated": {
      "name": "UpdateStructure"
    }
  }
}