{
  "_fv": 47,
  "_type": "recipe",
  "definition": {
    "recipeType": "Crafting",
    "recipeRetstackSize": 16,
    "group": "vibrion_glass_pane",
    "cookingBookCategory": "MISC",
    "xpReward": 0.0,
    "cookingTime": 200,
    "craftingBookCategory": "BUILDING",
    "recipeShapeless": false,
    "recipeSlots": [
      {
        "value": ""
      },
      {
        "value": ""
      },
      {
        "value": ""
      },
      {
        "value": "CUSTOM:VibrionGlass"
      },
      {
        "value": "CUSTOM:VibrionGlass"
      },
      {
        "value": "CUSTOM:VibrionGlass"
      },
      {
        "value": "CUSTOM:VibrionGlass"
      },
      {
        "value": "CUSTOM:VibrionGlass"
      },
      {
        "value": "CUSTOM:VibrionGlass"
      }
    ],
    "recipeReturnStack": {
      "value": "CUSTOM:VibrionGlassPane"
    },
    "name": "vibrion_glass_pane",
    "namespace": "mod"
  }
}