{
  "credit": "Made by Gyula using Blockbench",
  "elements": [
    {
      "name": "fallen_leaves",
      "from": [
        0,
        0,
        0
      ],
      "to": [
        16,
        2,
        16
      ],
      "faces": {
        "north": {
          "uv": [
            0,
            0,
            16,
            2
          ],
          "texture": "#leaves",
          "tintindex": 0
        },
        "east": {
          "uv": [
            0,
            0,
            16,
            2
          ],
          "texture": "#leaves",
          "tintindex": 0
        },
        "south": {
          "uv": [
            0,
            0,
            16,
            2
          ],
          "texture": "#leaves",
          "tintindex": 0
        },
        "west": {
          "uv": [
            0,
            0,
            16,
            2
          ],
          "texture": "#leaves",
          "tintindex": 0
        },
        "up": {
          "uv": [
            0,
            0,
            16,
            16
          ],
          "texture": "#leaves",
          "tintindex": 0
        },
        "down": {
          "uv": [
            0,
            0,
            16,
            16
          ],
          "texture": "#leaves",
          "tintindex": 0
        }
      }
    }
  ],
  "display": {
    "thirdperson_righthand": {
      "rotation": [
        -30,
        0,
        0
      ],
      "translation": [
        0,
        2,
        -1
      ],
      "scale": [
        0.3,
        0.3,
        0.3
      ]
    },
    "thirdperson_lefthand": {
      "rotation": [
        -30,
        0,
        0
      ],
      "translation": [
        0,
        2,
        -1
      ],
      "scale": [
        0.3,
        0.3,
        0.3
      ]
    },
    "firstperson_righthand": {
      "translation": [
        2,
        3.25,
        -4.5
      ],
      "scale": [
        0.5,
        0.5,
        0.5
      ]
    },
    "firstperson_lefthand": {
      "translation": [
        2,
        3.25,
        -4.5
      ],
      "scale": [
        0.5,
        0.5,
        0.5
      ]
    },
    "ground": {
      "scale": [
        0.3,
        0.3,
        0.3
      ]
    },
    "gui": {
      "rotation": [
        45,
        -45,
        0
      ],
      "translation": [
        0,
        1.75,
        0
      ],
      "scale": [
        0.69,
        0.69,
        0.69
      ]
    },
    "fixed": {
      "rotation": [
        -90,
        0,
        0
      ],
      "translation": [
        0,
        0,
        -7
      ]
    }
  }
}