{
  "credit": "Made by Gyula using Blockbench",
  "elements": [
    {
      "name": "vibrion_growth_stem",
      "from": [
        5,
        0,
        5
      ],
      "to": [
        11,
        16,
        11
      ],
      "faces": {
        "north": {
          "uv": [
            5,
            0,
            11,
            16
          ],
          "texture": "#0"
        },
        "east": {
          "uv": [
            5,
            0,
            11,
            16
          ],
          "texture": "#0"
        },
        "south": {
          "uv": [
            5,
            0,
            11,
            16
          ],
          "texture": "#0"
        },
        "west": {
          "uv": [
            5,
            0,
            11,
            16
          ],
          "texture": "#0"
        },
        "up": {
          "uv": [
            5,
            5,
            11,
            11
          ],
          "texture": "#0"
        },
        "down": {
          "uv": [
            5,
            5,
            11,
            11
          ],
          "texture": "#0"
        }
      }
    }
  ],
  "display": {
    "thirdperson_righthand": {
      "scale": [
        0.3,
        0.3,
        0.3
      ]
    },
    "thirdperson_lefthand": {
      "scale": [
        0.3,
        0.3,
        0.3
      ]
    },
    "firstperson_righthand": {
      "scale": [
        0.4,
        0.4,
        0.4
      ]
    },
    "firstperson_lefthand": {
      "scale": [
        0.4,
        0.4,
        0.4
      ]
    },
    "ground": {
      "scale": [
        0.3,
        0.3,
        0.3
      ]
    },
    "gui": {
      "rotation": [
        27,
        45,
        0
      ],
      "scale": [
        0.7,
        0.7,
        0.7
      ]
    },
    "head": {
      "translation": [
        0,
        14.5,
        0
      ]
    }
  }
}