{
  "_fv": 45,
  "_type": "achievement",
  "definition": {
    "achievementName": "Colourful, innit?",
    "achievementDescription": "Enter a Glowing Hickory Forest",
    "achievementIcon": {
      "value": "CUSTOM:YellowGlowingHickoryLeaves"
    },
    "background": "Default",
    "disableDisplay": false,
    "showPopup": true,
    "announceToChat": true,
    "hideIfNotCompleted": false,
    "rewardLoot": [],
    "rewardRecipes": [
      "SpottedWintergreenToDye",
      "PanxterFlowerToDye"
    ],
    "rewardFunction": "No function",
    "rewardXP": 3,
    "achievementType": "goal",
    "parent": {
      "value": "CUSTOM:WildWilderWildest"
    },
    "triggerxml": "<xml xmlns=\"https://developers.google.com/blockly/xml\"><block type=\"biome_entered\" x=\"38\" y=\"37\"><field name=\"biome\">CUSTOM:GlowingHickoryForest</field><next><block type=\"advancement_trigger\" deletable=\"false\"></block></next></block></xml>"
  }
}