{
  "_fv": 45,
  "_type": "achievement",
  "definition": {
    "achievementName": "Dangerous Warfare",
    "achievementDescription": "Hit a mob or a player with an Entorium Sporebomb",
    "achievementIcon": {
      "value": "CUSTOM:EntoriumSporebomb"
    },
    "background": "Default",
    "disableDisplay": false,
    "showPopup": true,
    "announceToChat": true,
    "hideIfNotCompleted": false,
    "rewardLoot": [],
    "rewardRecipes": [
      "SporeBlasterCraft"
    ],
    "rewardFunction": "No function",
    "rewardXP": 5,
    "achievementType": "task",
    "parent": {
      "value": "CUSTOM:PetrifiedAntibiotic"
    },
    "triggerxml": "<xml xmlns=\"https://developers.google.com/blockly/xml\"><block type=\"custom_trigger\" x=\"35\" y=\"28\"><next><block type=\"advancement_trigger\" deletable=\"false\"></block></next></block></xml>"
  }
}