{
  "_fv": 45,
  "_type": "tool",
  "definition": {
    "toolType": "MultiTool",
    "renderType": 1,
    "texture": "entorium_gauntlet",
    "customModelName": "entorium_gauntlet:default",
    "name": "Entorium Gauntlet",
    "specialInfo": [],
    "creativeTab": {
      "value": "CUSTOM:WildasideTab"
    },
    "harvestLevel": 5,
    "efficiency": 100.0,
    "attackSpeed": 1.0,
    "enchantability": 1,
    "damageVsEntity": 4.0,
    "usageCount": 420,
    "blocksAffected": [],
    "hasGlow": false,
    "repairItems": [
      {
        "value": "CUSTOM:Entorium"
      }
    ],
    "immuneToFire": false,
    "stayInGridWhenCrafting": false,
    "damageOnCrafting": false
  }
}