{
  "_fv": 45,
  "_type": "plant",
  "definition": {
    "renderType": 2,
    "texture": "red_glowing_leaves",
    "textureBottom": "",
    "customModelName": "fallen_leaves:red",
    "itemTexture": "",
    "particleTexture": "",
    "tintType": "No tint",
    "isItemTinted": false,
    "plantType": "normal",
    "staticPlantGenerationType": "Flower",
    "suspiciousStewEffect": "SPEED",
    "suspiciousStewDuration": 100,
    "growapableSpawnType": "Plains",
    "growapableMaxHeight": 3,
    "doublePlantGenerationType": "Flower",
    "customBoundingBox": true,
    "disableOffset": false,
    "boundingBoxes": [
      {
        "mx": 0.0,
        "my": 0.0,
        "mz": 0.0,
        "Mx": 16.0,
        "My": 2.0,
        "Mz": 16.0,
        "subtract": false
      }
    ],
    "name": "Fallen Red Glowing Hickory Leaves",
    "specialInfo": [],
    "creativeTab": {
      "value": "CUSTOM:WildasideTab"
    },
    "hardness": 0.1,
    "resistance": 0.1,
    "luminance": 7,
    "unbreakable": false,
    "isSolid": false,
    "isCustomSoundType": false,
    "soundOnStep": {
      "value": "PLANT"
    },
    "breakSound": {
      "value": ""
    },
    "stepSound": {
      "value": ""
    },
    "placeSound": {
      "value": ""
    },
    "hitSound": {
      "value": ""
    },
    "fallSound": {
      "value": ""
    },
    "useLootTableForDrops": true,
    "customDrop": {
      "value": ""
    },
    "dropAmount": 1,
    "forceTicking": false,
    "emissiveRendering": false,
    "hasTileEntity": false,
    "isReplaceable": false,
    "colorOnMap": "GRASS",
    "creativePickItem": {
      "value": ""
    },
    "offsetType": "NONE",
    "aiPathNodeType": "OPEN",
    "flammability": 100,
    "fireSpreadSpeed": 60,
    "jumpFactor": 1.0,
    "speedFactor": 1.0,
    "canBePlacedOn": [],
    "isBonemealable": false,
    "frequencyOnChunks": 5,
    "spawnWorldTypes": [
      "Surface"
    ],
    "restrictionBiomes": [
      {
        "value": "CUSTOM:GlowingHickoryForest"
      }
    ],
    "patchSize": 64,
    "generateAtAnyHeight": false,
    "onDestroyedByPlayer": {
      "name": "FallenRedGlowingHickoryLeavesPlantDestroyedByPlayer"
    }
  }
}