{
  "_fv": 45,
  "_type": "achievement",
  "definition": {
    "achievementName": "Glowing Wonder",
    "achievementDescription": "Enter a Glowing Hickory Forest biome during the night",
    "achievementIcon": {
      "value": "CUSTOM:RedGlowingHickoryLeaves"
    },
    "background": "Default",
    "disableDisplay": false,
    "showPopup": true,
    "announceToChat": true,
    "hideIfNotCompleted": false,
    "rewardLoot": [],
    "rewardRecipes": [],
    "rewardFunction": "No function",
    "rewardXP": 10,
    "achievementType": "task",
    "parent": {
      "value": "CUSTOM:ColourfulInnit"
    },
    "triggerxml": "<xml xmlns=\"https://developers.google.com/blockly/xml\"><block type=\"custom_trigger\" x=\"29\" y=\"31\"><next><block type=\"advancement_trigger\" deletable=\"false\"></block></next></block></xml>"
  }
}