{
  "_fv": 45,
  "_type": "achievement",
  "definition": {
    "achievementName": "Grow The Glow",
    "achievementDescription": "Grow at least one of all 4 Glowing Hickory Saplings using bonemeal",
    "achievementIcon": {
      "value": "CUSTOM:YellowGlowingHickorySapling"
    },
    "background": "Default",
    "disableDisplay": false,
    "showPopup": true,
    "announceToChat": true,
    "hideIfNotCompleted": false,
    "rewardLoot": [],
    "rewardRecipes": [],
    "rewardFunction": "No function",
    "rewardXP": 15,
    "achievementType": "challenge",
    "parent": {
      "value": "CUSTOM:ColourfulInnit"
    },
    "triggerxml": "<xml xmlns=\"https://developers.google.com/blockly/xml\"><block type=\"custom_trigger\" x=\"51\" y=\"66\"><next><block type=\"advancement_trigger\" deletable=\"false\"></block></next></block></xml>"
  }
}