{
  "_fv": 45,
  "_type": "structure",
  "definition": {
    "structure": "hickory_cabin_2",
    "randomlyRotateStructure": true,
    "surfaceDetectionType": "First motion blocking block",
    "spawnProbability": 600,
    "minCountPerChunk": 1,
    "maxCountPerChunk": 1,
    "spawnLocation": "Ground",
    "spawnHeightOffset": -3,
    "spawnXOffset": 0,
    "spawnZOffset": 0,
    "spawnWorldTypes": [
      "Surface"
    ],
    "restrictionBlocks": [
      {
        "value": "Blocks.GRASS"
      }
    ],
    "restrictionBiomes": [
      {
        "value": "CUSTOM:GlowingHickoryForest"
      },
      {
        "value": "CUSTOM:HickoryForest"
      }
    ],
    "ignoreBlocks": "STRUCTURE_BLOCK"
  }
}