{
  "_fv": 45,
  "_type": "item",
  "definition": {
    "renderType": 0,
    "texture": "hickory_nut",
    "customModelName": "Normal",
    "customProperties": {},
    "states": [],
    "name": "Hickory Nut",
    "rarity": "COMMON",
    "creativeTab": {
      "value": "CUSTOM:WildasideTab"
    },
    "stackSize": 64,
    "enchantability": 0,
    "useDuration": 32,
    "toolType": 1.0,
    "damageCount": 0,
    "recipeRemainder": {
      "value": ""
    },
    "destroyAnyBlock": false,
    "immuneToFire": false,
    "stayInGridWhenCrafting": false,
    "damageOnCrafting": false,
    "enableMeleeDamage": false,
    "damageVsEntity": 0.0,
    "specialInfo": [],
    "hasGlow": false,
    "guiBoundTo": "<NONE>",
    "inventorySize": 9,
    "inventoryStackSize": 64,
    "isFood": true,
    "nutritionalValue": 2,
    "saturation": 0.19999999999999998,
    "eatResultItem": {
      "value": ""
    },
    "isMeat": false,
    "isAlwaysEdible": false,
    "animation": "eat"
  }
}