{
  "_fv": 45,
  "_type": "recipe",
  "definition": {
    "recipeType": "Crafting",
    "recipeRetstackSize": 8,
    "group": "lit_vibrion_glass_pane",
    "cookingBookCategory": "MISC",
    "xpReward": 0.0,
    "cookingTime": 200,
    "craftingBookCategory": "BUILDING",
    "recipeShapeless": false,
    "recipeSlots": [
      {
        "value": "CUSTOM:VibrionGlassPane"
      },
      {
        "value": "CUSTOM:VibrionGlassPane"
      },
      {
        "value": "CUSTOM:VibrionGlassPane"
      },
      {
        "value": "CUSTOM:VibrionGlassPane"
      },
      {
        "value": "CUSTOM:VibrionBlock"
      },
      {
        "value": "CUSTOM:VibrionGlassPane"
      },
      {
        "value": "CUSTOM:VibrionGlassPane"
      },
      {
        "value": "CUSTOM:VibrionGlassPane"
      },
      {
        "value": "CUSTOM:VibrionGlassPane"
      }
    ],
    "recipeReturnStack": {
      "value": "CUSTOM:LitVibrionGlassPane"
    },
    "name": "lit_vibrion_glass_pane_2",
    "namespace": "mod"
  }
}