{
  "_fv": 45,
  "_type": "recipe",
  "definition": {
    "recipeType": "Crafting",
    "recipeRetstackSize": 4,
    "group": "lit_vibrion_glass",
    "cookingBookCategory": "MISC",
    "xpReward": 0.0,
    "cookingTime": 200,
    "craftingBookCategory": "BUILDING",
    "recipeShapeless": false,
    "recipeSlots": [
      {
        "value": ""
      },
      {
        "value": "CUSTOM:VibrionGlass"
      },
      {
        "value": ""
      },
      {
        "value": "CUSTOM:VibrionGlass"
      },
      {
        "value": "CUSTOM:VibrionBlock"
      },
      {
        "value": "CUSTOM:VibrionGlass"
      },
      {
        "value": ""
      },
      {
        "value": "CUSTOM:VibrionGlass"
      },
      {
        "value": ""
      }
    ],
    "recipeReturnStack": {
      "value": "CUSTOM:LitVibrionGlass"
    },
    "name": "lit_vibrion_glass",
    "namespace": "mod"
  }
}