{
  "_fv": 45,
  "_type": "enchantment",
  "definition": {
    "name": "Revealing",
    "type": "BREAKABLE",
    "rarity": "UNCOMMON",
    "minLevel": 1,
    "maxLevel": 1,
    "damageModifier": 0,
    "compatibleEnchantments": [],
    "excludeEnchantments": true,
    "compatibleItems": [
      {
        "value": "Items.SHEARS"
      }
    ],
    "excludeItems": false,
    "isTreasureEnchantment": false,
    "isCurse": false,
    "isAllowedOnBooks": true,
    "canGenerateInLootTables": true,
    "canVillagerTrade": true
  }
}