{
  "_fv": 45,
  "_type": "recipe",
  "definition": {
    "recipeType": "Stone cutting",
    "recipeRetstackSize": 1,
    "group": "smooth_substilium_soil_button",
    "cookingBookCategory": "MISC",
    "xpReward": 0.0,
    "cookingTime": 200,
    "craftingBookCategory": "MISC",
    "recipeShapeless": false,
    "stoneCuttingInputStack": {
      "value": "CUSTOM:SmoothSubstiliumSoil"
    },
    "stoneCuttingReturnStack": {
      "value": "CUSTOM:SmoothSubstiliumSoilButton"
    },
    "name": "smooth_substilium_soil_button_cut",
    "namespace": "mod"
  }
}