{
  "_fv": 45,
  "_type": "tag",
  "definition": {
    "type": "Blocks",
    "items": [],
    "blocks": [
      {
        "value": "CUSTOM:SubstiliumStem"
      },
      {
        "value": "CUSTOM:SubstiliumBlock"
      },
      {
        "value": "CUSTOM:HickoryLog"
      },
      {
        "value": "CUSTOM:HickoryBlock"
      },
      {
        "value": "CUSTOM:BaldCypressLog"
      },
      {
        "value": "CUSTOM:BaldCypressBlock"
      }
    ],
    "functions": [],
    "entities": [],
    "biomes": [],
    "name": "strippable_wildaside_logs",
    "namespace": "mod"
  }
}