{
  "_fv": 45,
  "_type": "plant",
  "definition": {
    "renderType": 2,
    "texture": "vibrion_sporeholder",
    "textureBottom": "",
    "customModelName": "vibrion_sporeholder:default",
    "itemTexture": "",
    "particleTexture": "",
    "tintType": "No tint",
    "isItemTinted": false,
    "plantType": "normal",
    "staticPlantGenerationType": "Flower",
    "suspiciousStewEffect": "SPEED",
    "suspiciousStewDuration": 100,
    "growapableSpawnType": "Cave",
    "growapableMaxHeight": 3,
    "doublePlantGenerationType": "Flower",
    "customBoundingBox": true,
    "disableOffset": false,
    "boundingBoxes": [
      {
        "mx": 0.0,
        "my": 0.0,
        "mz": 0.0,
        "Mx": 16.0,
        "My": 4.0,
        "Mz": 16.0,
        "subtract": false
      }
    ],
    "name": "Vibrion Sporeholder",
    "specialInfo": [],
    "creativeTab": {
      "value": "CUSTOM:WildasideTab"
    },
    "hardness": 1.5,
    "resistance": 2.0,
    "luminance": 5,
    "unbreakable": false,
    "isSolid": false,
    "isCustomSoundType": false,
    "soundOnStep": {
      "value": "FUNGUS"
    },
    "breakSound": {
      "value": ""
    },
    "stepSound": {
      "value": ""
    },
    "placeSound": {
      "value": ""
    },
    "hitSound": {
      "value": ""
    },
    "fallSound": {
      "value": ""
    },
    "useLootTableForDrops": true,
    "customDrop": {
      "value": ""
    },
    "dropAmount": 1,
    "forceTicking": false,
    "emissiveRendering": false,
    "hasTileEntity": false,
    "isReplaceable": false,
    "colorOnMap": "YELLOW",
    "creativePickItem": {
      "value": ""
    },
    "offsetType": "XZ",
    "aiPathNodeType": "DANGER_OTHER",
    "flammability": 0,
    "fireSpreadSpeed": 60,
    "jumpFactor": 1.0,
    "speedFactor": 1.0,
    "canBePlacedOn": [],
    "isBonemealable": false,
    "frequencyOnChunks": 40,
    "spawnWorldTypes": [
      "Surface"
    ],
    "restrictionBiomes": [
      {
        "value": "CUSTOM:VibrionHive"
      }
    ],
    "patchSize": 100,
    "generateAtAnyHeight": true,
    "onDestroyedByPlayer": {
      "name": "GiveContaminationInCube4"
    },
    "onDestroyedByExplosion": {
      "name": "GiveContamintionInCube"
    },
    "onEntityCollides": {
      "name": "GiveContaminationEffect"
    }
  }
}