{
  "parent": "block/cube",
  "textures": {
    "down": "wildaside:blocks/stripped_substilium_stem_top",
    "up": "wildaside:blocks/stripped_substilium_stem_top",
    "north": "wildaside:blocks/stripped_substilium_log_side",
    "east": "wildaside:blocks/stripped_substilium_log_side",
    "south": "wildaside:blocks/stripped_substilium_log_side",
    "west": "wildaside:blocks/stripped_substilium_log_side",
    "particle": "wildaside:blocks/stripped_substilium_stem_top"
  },
  "render_type": "solid"
}