{
  "_fv": 43,
  "_type": "achievement",
  "definition": {
    "achievementName": "We Need To Cook",
    "achievementDescription": "Place down a Bioengineer Workspace",
    "achievementIcon": {
      "value": "CUSTOM:BioengineerWorkspace"
    },
    "background": "Default",
    "disableDisplay": false,
    "showPopup": true,
    "announceToChat": true,
    "hideIfNotCompleted": false,
    "rewardLoot": [],
    "rewardRecipes": [],
    "rewardFunction": "No function",
    "rewardXP": 10,
    "achievementType": "challenge",
    "parent": {
      "value": "CUSTOM:PetrifiedAntibiotic"
    },
    "triggerxml": "<xml xmlns=\"https://developers.google.com/blockly/xml\"><block type=\"block_placed\" x=\"31\" y=\"13\"><value name=\"block\"><block type=\"mcitem_allblocks\"><field name=\"value\">CUSTOM:BioengineerWorkspace</field></block></value><next><block type=\"advancement_trigger\" deletable=\"false\"></block></next></block></xml>"
  }
}